{
    "accuracy": 0.6890243902439024,
    "precision": 0.65625,
    "recall": 0.3442622950819672,
    "f1_score": 0.45161290322580644
}